{
    "hpo-bench": {
        "alpha": [
            1e-8,
            7.742637e-8,
            5.994842e-7,
            4.641589e-6,
            3.5938137e-5,
            2.7825593e-4,
            2.1544348e-3,
            1.6681006e-2,
            1.2915497e-1,
            1
        ],
        "batch_size": [
            4,
            6,
            10,
            16,
            25,
            40,
            64,
            101,
            161,
            256
        ],
        "depth": [
            1,
            2,
            3
        ],
        "learning_rate_init": [
            1e-5,
            3.5938137e-5,
            1.2915497e-4,
            4.641589e-4,
            1.6681006e-3,
            5.9948424e-3,
            2.1544347e-2,
            7.742637e-2,
            2.7825594e-1,
            1
        ],
        "width": [
            16,
            25,
            40,
            64,
            101,
            161,
            256,
            406,
            645,
            1024
        ]
    },
    "hpolib": {
        "init_lr": [
            5e-4,
            1e-3,
            5e-3,
            1e-2,
            5e-2,
            1e-1
        ],
        "lr_schedule": [
            "cosine",
            "const"
        ],
        "batch_size": [
            8,
            16,
            32,
            64
        ],
        "activation_fn_1": [
            "relu",
            "tanh"
        ],
        "activation_fn_2": [
            "relu",
            "tanh"
        ],
        "dropout_1": [
            0.0,
            0.3,
            0.6
        ],
        "dropout_2": [
            0.0,
            0.3,
            0.6
        ],
        "n_units_1": [
            16,
            32,
            64,
            128,
            256,
            512
        ],
        "n_units_2": [
            16,
            32,
            64,
            128,
            256,
            512
        ]
    },
    "jahs-bench": {
        "Activation": [
            "ReLU",
            "Hardswish",
            "Mish"
        ],
        "TrivialAugment": [
            true,
            false
        ],
        "N": [
            1,
            3,
            5
        ],
        "W": [
            4,
            8,
            16
        ],
        "Op1": [
            "0",
            "1",
            "2",
            "3",
            "4"
        ],
        "Op2": [
            "0",
            "1",
            "2",
            "3",
            "4"
        ],
        "Op3": [
            "0",
            "1",
            "2",
            "3",
            "4"
        ],
        "Op4": [
            "0",
            "1",
            "2",
            "3",
            "4"
        ],
        "Op5": [
            "0",
            "1",
            "2",
            "3",
            "4"
        ],
        "Op6": [
            "0",
            "1",
            "2",
            "3",
            "4"
        ]
    },
    "nashpobench2": {
        "lr": [
            0.003125,
            0.00625,
            0.0125,
            0.025,
            0.05,
            0.1,
            0.2,
            0.4
        ],
        "batch_size": [
            16,
            32,
            64,
            128,
            256,
            512
        ],
        "Op1": [
            "0",
            "1",
            "2",
            "3"
        ],
        "Op2": [
            "0",
            "1",
            "2",
            "3"
        ],
        "Op3": [
            "0",
            "1",
            "2",
            "3"
        ],
        "Op4": [
            "0",
            "1",
            "2",
            "3"
        ],
        "Op5": [
            "0",
            "1",
            "2",
            "3"
        ],
        "Op6": [
            "0",
            "1",
            "2",
            "3"
        ]
    }
}